ticket,department
Cannot log into my account today,IT Support
VPN keeps disconnecting for my team,IT Support
Password reset not working urgently,IT Support
Cannot log into my account before the deadline,IT Support
Cannot log into my account,IT Support
Email not syncing today,IT Support
Cannot log into my account since yesterday,IT Support
Password reset not working for my team,IT Support
Need software installation,IT Support
Cannot log into my account before the deadline,IT Support
Password reset not working before the deadline,IT Support
Email not syncing for my team,IT Support
Email not syncing,IT Support
VPN keeps disconnecting today,IT Support
Password reset not working on Windows 11,IT Support
VPN keeps disconnecting after the latest update,IT Support
Password reset not working for my team,IT Support
VPN keeps disconnecting since yesterday,IT Support
Cannot log into my account on Windows 11,IT Support
Cannot log into my account while working remotely,IT Support
VPN keeps disconnecting,IT Support
VPN keeps disconnecting today,IT Support
Email not syncing before the deadline,IT Support
Cannot log into my account on Windows 11,IT Support
Cannot log into my account before the deadline,IT Support
VPN keeps disconnecting,IT Support
VPN keeps disconnecting,IT Support
Password reset not working since yesterday,IT Support
Cannot log into my account for my team,IT Support
VPN keeps disconnecting since yesterday,IT Support
Password reset not working since yesterday,IT Support
Email not syncing after the latest update,IT Support
Email not syncing while working remotely,IT Support
Password reset not working while working remotely,IT Support
VPN keeps disconnecting for my team,IT Support
VPN keeps disconnecting since yesterday,IT Support
Need software installation urgently,IT Support
Need software installation for my team,IT Support
Password reset not working on my laptop,IT Support
Email not syncing after the latest update,IT Support
Need software installation for my team,IT Support
VPN keeps disconnecting today,IT Support
Password reset not working today,IT Support
VPN keeps disconnecting on Windows 11,IT Support
VPN keeps disconnecting since yesterday,IT Support
Password reset not working,IT Support
VPN keeps disconnecting for my team,IT Support
Email not syncing on Windows 11,IT Support
Email not syncing urgently,IT Support
VPN keeps disconnecting urgently,IT Support
Password reset not working before the deadline,IT Support
Need software installation after the latest update,IT Support
Need software installation on Windows 11,IT Support
Need software installation on Windows 11,IT Support
VPN keeps disconnecting for my team,IT Support
Password reset not working before the deadline,IT Support
Email not syncing since yesterday,IT Support
Cannot log into my account since yesterday,IT Support
Password reset not working urgently,IT Support
Email not syncing,IT Support
Cannot log into my account on Windows 11,IT Support
Email not syncing,IT Support
Email not syncing before the deadline,IT Support
VPN keeps disconnecting before the deadline,IT Support
Cannot log into my account since yesterday,IT Support
Need software installation after the latest update,IT Support
VPN keeps disconnecting since yesterday,IT Support
VPN keeps disconnecting on Windows 11,IT Support
Password reset not working on my laptop,IT Support
Cannot log into my account after the latest update,IT Support
Need software installation urgently,IT Support
Need software installation since yesterday,IT Support
VPN keeps disconnecting before the deadline,IT Support
Need software installation for my team,IT Support
Password reset not working while working remotely,IT Support
Password reset not working before the deadline,IT Support
Need software installation today,IT Support
Need software installation while working remotely,IT Support
Email not syncing today,IT Support
Cannot log into my account while working remotely,IT Support
VPN keeps disconnecting for my team,IT Support
Cannot log into my account for my team,IT Support
Need software installation since yesterday,IT Support
Cannot log into my account on my laptop,IT Support
Cannot log into my account before the deadline,IT Support
Password reset not working urgently,IT Support
Email not syncing before the deadline,IT Support
Password reset not working after the latest update,IT Support
Need software installation,IT Support
Email not syncing for my team,IT Support
Need software installation for my team,IT Support
VPN keeps disconnecting on Windows 11,IT Support
VPN keeps disconnecting on my laptop,IT Support
Need software installation on my laptop,IT Support
Cannot log into my account for my team,IT Support
Password reset not working since yesterday,IT Support
VPN keeps disconnecting today,IT Support
Need software installation before the deadline,IT Support
Password reset not working,IT Support
Password reset not working today,IT Support
Cannot log into my account today,IT Support
Password reset not working since yesterday,IT Support
Cannot log into my account while working remotely,IT Support
Cannot log into my account before the deadline,IT Support
Password reset not working after the latest update,IT Support
Email not syncing for my team,IT Support
Need software installation urgently,IT Support
Need software installation,IT Support
Email not syncing for my team,IT Support
Email not syncing on Windows 11,IT Support
Password reset not working since yesterday,IT Support
Cannot log into my account on Windows 11,IT Support
VPN keeps disconnecting on Windows 11,IT Support
Email not syncing on my laptop,IT Support
Cannot log into my account since yesterday,IT Support
Cannot log into my account on Windows 11,IT Support
VPN keeps disconnecting since yesterday,IT Support
Password reset not working for my team,IT Support
Password reset not working before the deadline,IT Support
Email not syncing urgently,IT Support
Email not syncing urgently,IT Support
VPN keeps disconnecting on my laptop,IT Support
Password reset not working since yesterday,IT Support
Email not syncing before the deadline,IT Support
Cannot log into my account today,IT Support
Need software installation today,IT Support
Cannot log into my account for my team,IT Support
Password reset not working on Windows 11,IT Support
Email not syncing on my laptop,IT Support
Password reset not working on Windows 11,IT Support
Cannot log into my account urgently,IT Support
Email not syncing today,IT Support
Email not syncing after the latest update,IT Support
Email not syncing after the latest update,IT Support
Email not syncing before the deadline,IT Support
Email not syncing urgently,IT Support
Password reset not working after the latest update,IT Support
Password reset not working today,IT Support
Need software installation before the deadline,IT Support
Cannot log into my account while working remotely,IT Support
Cannot log into my account today,IT Support
Need software installation on my laptop,IT Support
Need software installation before the deadline,IT Support
Leave request pending today,HR
Attendance incorrect since yesterday,HR
Leave request pending since yesterday,HR
Attendance incorrect since yesterday,HR
Leave request pending on Windows 11,HR
Salary not credited,HR
Leave request pending,HR
Attendance incorrect today,HR
Attendance incorrect since yesterday,HR
Update personal details,HR
Attendance incorrect before the deadline,HR
Need payslip after the latest update,HR
Leave request pending while working remotely,HR
Leave request pending after the latest update,HR
Update personal details urgently,HR
Need payslip on my laptop,HR
Need payslip since yesterday,HR
Salary not credited on my laptop,HR
Attendance incorrect,HR
Salary not credited since yesterday,HR
Attendance incorrect for my team,HR
Attendance incorrect after the latest update,HR
Leave request pending while working remotely,HR
Salary not credited for my team,HR
Need payslip after the latest update,HR
Leave request pending on my laptop,HR
Attendance incorrect after the latest update,HR
Attendance incorrect before the deadline,HR
Salary not credited before the deadline,HR
Need payslip since yesterday,HR
Leave request pending after the latest update,HR
Salary not credited since yesterday,HR
Attendance incorrect urgently,HR
Need payslip after the latest update,HR
Attendance incorrect for my team,HR
Need payslip for my team,HR
Need payslip before the deadline,HR
Update personal details after the latest update,HR
Salary not credited since yesterday,HR
Update personal details after the latest update,HR
Salary not credited today,HR
Need payslip urgently,HR
Need payslip urgently,HR
Update personal details before the deadline,HR
Update personal details before the deadline,HR
Salary not credited since yesterday,HR
Salary not credited urgently,HR
Attendance incorrect today,HR
Need payslip,HR
Attendance incorrect urgently,HR
Update personal details urgently,HR
Salary not credited after the latest update,HR
Need payslip today,HR
Need payslip for my team,HR
Leave request pending since yesterday,HR
Need payslip before the deadline,HR
Update personal details,HR
Leave request pending for my team,HR
Leave request pending urgently,HR
Update personal details today,HR
Leave request pending while working remotely,HR
Update personal details for my team,HR
Need payslip urgently,HR
Salary not credited on Windows 11,HR
Salary not credited on my laptop,HR
Leave request pending for my team,HR
Update personal details while working remotely,HR
Need payslip for my team,HR
Leave request pending today,HR
Leave request pending on Windows 11,HR
Need payslip after the latest update,HR
Salary not credited after the latest update,HR
Need payslip before the deadline,HR
Update personal details before the deadline,HR
Need payslip today,HR
Salary not credited after the latest update,HR
Leave request pending,HR
Need payslip today,HR
Salary not credited,HR
Update personal details while working remotely,HR
Need payslip on Windows 11,HR
Attendance incorrect before the deadline,HR
Salary not credited on Windows 11,HR
Attendance incorrect for my team,HR
Need payslip today,HR
Update personal details today,HR
Attendance incorrect before the deadline,HR
Leave request pending while working remotely,HR
Update personal details since yesterday,HR
Need payslip,HR
Need payslip since yesterday,HR
Need payslip before the deadline,HR
Need payslip on Windows 11,HR
Need payslip on Windows 11,HR
Need payslip before the deadline,HR
Leave request pending for my team,HR
Update personal details on Windows 11,HR
Leave request pending,HR
Attendance incorrect after the latest update,HR
Update personal details before the deadline,HR
Salary not credited after the latest update,HR
Need payslip for my team,HR
Update personal details,HR
Attendance incorrect while working remotely,HR
Update personal details on my laptop,HR
Update personal details for my team,HR
Attendance incorrect on my laptop,HR
Leave request pending since yesterday,HR
Need payslip before the deadline,HR
Attendance incorrect while working remotely,HR
Salary not credited for my team,HR
Need payslip for my team,HR
Leave request pending urgently,HR
Salary not credited today,HR
Leave request pending on my laptop,HR
Attendance incorrect since yesterday,HR
Update personal details on Windows 11,HR
Attendance incorrect for my team,HR
Update personal details on my laptop,HR
Update personal details for my team,HR
Leave request pending today,HR
Salary not credited on Windows 11,HR
Leave request pending urgently,HR
Attendance incorrect on my laptop,HR
Salary not credited before the deadline,HR
Leave request pending since yesterday,HR
Update personal details urgently,HR
Update personal details before the deadline,HR
Attendance incorrect,HR
Need payslip on my laptop,HR
Attendance incorrect before the deadline,HR
Update personal details before the deadline,HR
Update personal details urgently,HR
Update personal details on my laptop,HR
Need payslip for my team,HR
Need payslip before the deadline,HR
Update personal details for my team,HR
Need payslip on my laptop,HR
Salary not credited after the latest update,HR
Leave request pending after the latest update,HR
Need payslip while working remotely,HR
Attendance incorrect since yesterday,HR
Leave request pending urgently,HR
Refund still pending on Windows 11,Finance
Refund still pending for my team,Finance
Invoice not received on Windows 11,Finance
Payment failed while working remotely,Finance
Need billing copy on my laptop,Finance
Payment failed today,Finance
Refund still pending on Windows 11,Finance
Payment failed,Finance
Invoice not received,Finance
Payment failed on my laptop,Finance
Invoice not received while working remotely,Finance
Expense claim awaiting approval on Windows 11,Finance
Payment failed before the deadline,Finance
Need billing copy,Finance
Refund still pending on my laptop,Finance
Refund still pending after the latest update,Finance
Payment failed on my laptop,Finance
Invoice not received on Windows 11,Finance
Expense claim awaiting approval on Windows 11,Finance
Refund still pending on my laptop,Finance
Refund still pending,Finance
Need billing copy today,Finance
Payment failed,Finance
Need billing copy today,Finance
Invoice not received on Windows 11,Finance
Refund still pending on my laptop,Finance
Refund still pending today,Finance
Expense claim awaiting approval on Windows 11,Finance
Expense claim awaiting approval for my team,Finance
Payment failed while working remotely,Finance
Expense claim awaiting approval on Windows 11,Finance
Expense claim awaiting approval on Windows 11,Finance
Expense claim awaiting approval since yesterday,Finance
Payment failed today,Finance
Need billing copy today,Finance
Expense claim awaiting approval for my team,Finance
Invoice not received today,Finance
Invoice not received for my team,Finance
Refund still pending today,Finance
Need billing copy urgently,Finance
Refund still pending urgently,Finance
Payment failed since yesterday,Finance
Need billing copy for my team,Finance
Payment failed after the latest update,Finance
Expense claim awaiting approval urgently,Finance
Need billing copy,Finance
Invoice not received urgently,Finance
Expense claim awaiting approval since yesterday,Finance
Need billing copy today,Finance
Expense claim awaiting approval,Finance
Payment failed on Windows 11,Finance
Refund still pending since yesterday,Finance
Need billing copy for my team,Finance
Invoice not received after the latest update,Finance
Need billing copy since yesterday,Finance
Need billing copy today,Finance
Expense claim awaiting approval before the deadline,Finance
Payment failed while working remotely,Finance
Invoice not received before the deadline,Finance
Expense claim awaiting approval today,Finance
Payment failed on my laptop,Finance
Invoice not received on Windows 11,Finance
Expense claim awaiting approval on my laptop,Finance
Refund still pending on Windows 11,Finance
Refund still pending before the deadline,Finance
Expense claim awaiting approval,Finance
Need billing copy on my laptop,Finance
Payment failed on Windows 11,Finance
Need billing copy after the latest update,Finance
Expense claim awaiting approval for my team,Finance
Invoice not received after the latest update,Finance
Payment failed for my team,Finance
Payment failed,Finance
Need billing copy on Windows 11,Finance
Expense claim awaiting approval today,Finance
Payment failed while working remotely,Finance
Refund still pending on my laptop,Finance
Refund still pending while working remotely,Finance
Expense claim awaiting approval while working remotely,Finance
Expense claim awaiting approval,Finance
Expense claim awaiting approval before the deadline,Finance
Invoice not received before the deadline,Finance
Refund still pending since yesterday,Finance
Refund still pending on Windows 11,Finance
Payment failed before the deadline,Finance
Refund still pending on my laptop,Finance
Payment failed on my laptop,Finance
Invoice not received since yesterday,Finance
Expense claim awaiting approval for my team,Finance
Payment failed for my team,Finance
Expense claim awaiting approval,Finance
Expense claim awaiting approval on my laptop,Finance
Need billing copy before the deadline,Finance
Expense claim awaiting approval on Windows 11,Finance
Need billing copy while working remotely,Finance
Expense claim awaiting approval on my laptop,Finance
Expense claim awaiting approval after the latest update,Finance
Expense claim awaiting approval for my team,Finance
Invoice not received for my team,Finance
Expense claim awaiting approval since yesterday,Finance
Need billing copy urgently,Finance
Refund still pending for my team,Finance
Payment failed after the latest update,Finance
Need billing copy before the deadline,Finance
Need billing copy after the latest update,Finance
Invoice not received for my team,Finance
Expense claim awaiting approval for my team,Finance
Expense claim awaiting approval urgently,Finance
Expense claim awaiting approval today,Finance
Need billing copy urgently,Finance
Expense claim awaiting approval today,Finance
Invoice not received before the deadline,Finance
Expense claim awaiting approval urgently,Finance
Payment failed since yesterday,Finance
Invoice not received,Finance
Expense claim awaiting approval on my laptop,Finance
Payment failed on my laptop,Finance
Expense claim awaiting approval urgently,Finance
Invoice not received after the latest update,Finance
Payment failed since yesterday,Finance
Invoice not received on Windows 11,Finance
Payment failed since yesterday,Finance
Need billing copy today,Finance
Refund still pending urgently,Finance
Need billing copy after the latest update,Finance
Invoice not received for my team,Finance
Invoice not received before the deadline,Finance
Payment failed,Finance
Need billing copy,Finance
Refund still pending before the deadline,Finance
Payment failed on my laptop,Finance
Payment failed after the latest update,Finance
Need billing copy on Windows 11,Finance
Expense claim awaiting approval,Finance
Need billing copy today,Finance
Need billing copy since yesterday,Finance
Refund still pending for my team,Finance
Expense claim awaiting approval since yesterday,Finance
Refund still pending for my team,Finance
Refund still pending before the deadline,Finance
Invoice not received urgently,Finance
Invoice not received on Windows 11,Finance
Payment failed,Finance
System running slow after the latest update,Technical Support
Laptop overheating for my team,Technical Support
Screen flickering after the latest update,Technical Support
System running slow since yesterday,Technical Support
Printer not working after the latest update,Technical Support
Keyboard malfunction for my team,Technical Support
System running slow since yesterday,Technical Support
Keyboard malfunction for my team,Technical Support
Printer not working after the latest update,Technical Support
Printer not working since yesterday,Technical Support
Laptop overheating urgently,Technical Support
Screen flickering,Technical Support
Keyboard malfunction after the latest update,Technical Support
System running slow since yesterday,Technical Support
System running slow after the latest update,Technical Support
System running slow after the latest update,Technical Support
Keyboard malfunction before the deadline,Technical Support
System running slow on my laptop,Technical Support
Laptop overheating,Technical Support
Laptop overheating on Windows 11,Technical Support
Screen flickering,Technical Support
Screen flickering today,Technical Support
Laptop overheating for my team,Technical Support
Keyboard malfunction,Technical Support
Laptop overheating after the latest update,Technical Support
Keyboard malfunction today,Technical Support
Printer not working on my laptop,Technical Support
Keyboard malfunction on my laptop,Technical Support
Screen flickering urgently,Technical Support
Keyboard malfunction on Windows 11,Technical Support
System running slow since yesterday,Technical Support
System running slow while working remotely,Technical Support
System running slow while working remotely,Technical Support
Screen flickering since yesterday,Technical Support
Printer not working while working remotely,Technical Support
System running slow on my laptop,Technical Support
Screen flickering on Windows 11,Technical Support
Keyboard malfunction today,Technical Support
System running slow since yesterday,Technical Support
Screen flickering after the latest update,Technical Support
Screen flickering since yesterday,Technical Support
System running slow before the deadline,Technical Support
Laptop overheating before the deadline,Technical Support
System running slow on Windows 11,Technical Support
Laptop overheating for my team,Technical Support
Keyboard malfunction while working remotely,Technical Support
Keyboard malfunction on my laptop,Technical Support
System running slow today,Technical Support
Printer not working after the latest update,Technical Support
Keyboard malfunction urgently,Technical Support
Screen flickering on my laptop,Technical Support
System running slow since yesterday,Technical Support
Laptop overheating,Technical Support
Printer not working urgently,Technical Support
Screen flickering before the deadline,Technical Support
Laptop overheating before the deadline,Technical Support
System running slow since yesterday,Technical Support
Printer not working since yesterday,Technical Support
System running slow since yesterday,Technical Support
Printer not working on my laptop,Technical Support
Screen flickering before the deadline,Technical Support
Screen flickering on Windows 11,Technical Support
System running slow on my laptop,Technical Support
Printer not working on my laptop,Technical Support
Keyboard malfunction urgently,Technical Support
System running slow for my team,Technical Support
Keyboard malfunction before the deadline,Technical Support
Printer not working since yesterday,Technical Support
Screen flickering on Windows 11,Technical Support
Screen flickering before the deadline,Technical Support
Screen flickering today,Technical Support
Screen flickering after the latest update,Technical Support
Keyboard malfunction,Technical Support
System running slow urgently,Technical Support
System running slow before the deadline,Technical Support
System running slow while working remotely,Technical Support
Screen flickering before the deadline,Technical Support
Keyboard malfunction on Windows 11,Technical Support
System running slow while working remotely,Technical Support
Printer not working for my team,Technical Support
Keyboard malfunction on Windows 11,Technical Support
Printer not working on Windows 11,Technical Support
Laptop overheating while working remotely,Technical Support
System running slow on Windows 11,Technical Support
System running slow urgently,Technical Support
System running slow today,Technical Support
Printer not working before the deadline,Technical Support
Keyboard malfunction while working remotely,Technical Support
Laptop overheating on my laptop,Technical Support
Laptop overheating before the deadline,Technical Support
System running slow today,Technical Support
Printer not working on Windows 11,Technical Support
Printer not working since yesterday,Technical Support
System running slow after the latest update,Technical Support
Screen flickering,Technical Support
System running slow since yesterday,Technical Support
Screen flickering before the deadline,Technical Support
System running slow while working remotely,Technical Support
System running slow before the deadline,Technical Support
Laptop overheating,Technical Support
Laptop overheating for my team,Technical Support
Screen flickering for my team,Technical Support
Laptop overheating on Windows 11,Technical Support
Laptop overheating since yesterday,Technical Support
System running slow urgently,Technical Support
Screen flickering today,Technical Support
Laptop overheating while working remotely,Technical Support
Laptop overheating after the latest update,Technical Support
Screen flickering while working remotely,Technical Support
System running slow urgently,Technical Support
Printer not working before the deadline,Technical Support
System running slow,Technical Support
Printer not working urgently,Technical Support
Printer not working since yesterday,Technical Support
Keyboard malfunction on Windows 11,Technical Support
Keyboard malfunction for my team,Technical Support
System running slow,Technical Support
Printer not working for my team,Technical Support
System running slow after the latest update,Technical Support
System running slow after the latest update,Technical Support
Laptop overheating on my laptop,Technical Support
Screen flickering before the deadline,Technical Support
Printer not working since yesterday,Technical Support
System running slow while working remotely,Technical Support
Keyboard malfunction after the latest update,Technical Support
System running slow after the latest update,Technical Support
System running slow after the latest update,Technical Support
Printer not working on Windows 11,Technical Support
System running slow since yesterday,Technical Support
Printer not working on Windows 11,Technical Support
Keyboard malfunction while working remotely,Technical Support
Keyboard malfunction after the latest update,Technical Support
Screen flickering today,Technical Support
System running slow after the latest update,Technical Support
Laptop overheating,Technical Support
Laptop overheating,Technical Support
System running slow after the latest update,Technical Support
Printer not working,Technical Support
Screen flickering for my team,Technical Support
Printer not working,Technical Support
Screen flickering urgently,Technical Support
Laptop overheating today,Technical Support
Screen flickering on my laptop,Technical Support
Received wrong product,Customer Support
Order delayed urgently,Customer Support
Received wrong product after the latest update,Customer Support
Order delayed on Windows 11,Customer Support
Package arrived damaged for my team,Customer Support
Package arrived damaged before the deadline,Customer Support
Order delayed before the deadline,Customer Support
Product missing parts after the latest update,Customer Support
Package arrived damaged after the latest update,Customer Support
Need replacement after the latest update,Customer Support
Order delayed since yesterday,Customer Support
Need replacement since yesterday,Customer Support
Package arrived damaged for my team,Customer Support
Need replacement before the deadline,Customer Support
Order delayed since yesterday,Customer Support
Need replacement today,Customer Support
Order delayed before the deadline,Customer Support
Received wrong product on my laptop,Customer Support
Order delayed after the latest update,Customer Support
Product missing parts on Windows 11,Customer Support
Order delayed since yesterday,Customer Support
Package arrived damaged on my laptop,Customer Support
Received wrong product,Customer Support
Product missing parts while working remotely,Customer Support
Product missing parts for my team,Customer Support
Received wrong product on my laptop,Customer Support
Order delayed on Windows 11,Customer Support
Received wrong product urgently,Customer Support
Received wrong product today,Customer Support
Order delayed on my laptop,Customer Support
Received wrong product since yesterday,Customer Support
Package arrived damaged before the deadline,Customer Support
Package arrived damaged on Windows 11,Customer Support
Need replacement while working remotely,Customer Support
Product missing parts on Windows 11,Customer Support
Product missing parts urgently,Customer Support
Need replacement since yesterday,Customer Support
Need replacement,Customer Support
Need replacement after the latest update,Customer Support
Received wrong product while working remotely,Customer Support
Package arrived damaged on my laptop,Customer Support
Need replacement for my team,Customer Support
Order delayed since yesterday,Customer Support
Order delayed before the deadline,Customer Support
Order delayed today,Customer Support
Need replacement after the latest update,Customer Support
Package arrived damaged since yesterday,Customer Support
Need replacement since yesterday,Customer Support
Package arrived damaged,Customer Support
Received wrong product today,Customer Support
Order delayed for my team,Customer Support
Package arrived damaged,Customer Support
Package arrived damaged since yesterday,Customer Support
Product missing parts for my team,Customer Support
Product missing parts for my team,Customer Support
Package arrived damaged while working remotely,Customer Support
Package arrived damaged,Customer Support
Received wrong product after the latest update,Customer Support
Package arrived damaged urgently,Customer Support
Product missing parts after the latest update,Customer Support
Package arrived damaged since yesterday,Customer Support
Received wrong product urgently,Customer Support
Received wrong product while working remotely,Customer Support
Package arrived damaged,Customer Support
Order delayed today,Customer Support
Package arrived damaged after the latest update,Customer Support
Received wrong product urgently,Customer Support
Need replacement before the deadline,Customer Support
Received wrong product since yesterday,Customer Support
Need replacement on my laptop,Customer Support
Order delayed before the deadline,Customer Support
Product missing parts since yesterday,Customer Support
Need replacement before the deadline,Customer Support
Package arrived damaged,Customer Support
Received wrong product before the deadline,Customer Support
Order delayed on my laptop,Customer Support
Received wrong product today,Customer Support
Need replacement on Windows 11,Customer Support
Need replacement since yesterday,Customer Support
Need replacement on my laptop,Customer Support
Received wrong product since yesterday,Customer Support
Order delayed,Customer Support
Package arrived damaged since yesterday,Customer Support
Package arrived damaged after the latest update,Customer Support
Product missing parts,Customer Support
Product missing parts while working remotely,Customer Support
Need replacement,Customer Support
Product missing parts after the latest update,Customer Support
Need replacement before the deadline,Customer Support
Product missing parts on Windows 11,Customer Support
Received wrong product since yesterday,Customer Support
Product missing parts for my team,Customer Support
Need replacement on my laptop,Customer Support
Package arrived damaged on Windows 11,Customer Support
Order delayed on my laptop,Customer Support
Need replacement on Windows 11,Customer Support
Received wrong product while working remotely,Customer Support
Need replacement while working remotely,Customer Support
Order delayed while working remotely,Customer Support
Package arrived damaged on my laptop,Customer Support
Received wrong product since yesterday,Customer Support
Received wrong product since yesterday,Customer Support
Need replacement since yesterday,Customer Support
Order delayed urgently,Customer Support
Product missing parts today,Customer Support
Product missing parts before the deadline,Customer Support
Product missing parts while working remotely,Customer Support
Received wrong product on Windows 11,Customer Support
Order delayed on Windows 11,Customer Support
Received wrong product after the latest update,Customer Support
Product missing parts after the latest update,Customer Support
Order delayed since yesterday,Customer Support
Product missing parts before the deadline,Customer Support
Package arrived damaged urgently,Customer Support
Need replacement for my team,Customer Support
Received wrong product while working remotely,Customer Support
Product missing parts while working remotely,Customer Support
Received wrong product after the latest update,Customer Support
Product missing parts for my team,Customer Support
Need replacement before the deadline,Customer Support
Product missing parts,Customer Support
Product missing parts today,Customer Support
Product missing parts after the latest update,Customer Support
Received wrong product urgently,Customer Support
Order delayed after the latest update,Customer Support
Order delayed while working remotely,Customer Support
Received wrong product urgently,Customer Support
Package arrived damaged,Customer Support
Need replacement since yesterday,Customer Support
Package arrived damaged today,Customer Support
Received wrong product before the deadline,Customer Support
Package arrived damaged on Windows 11,Customer Support
Need replacement on my laptop,Customer Support
Order delayed urgently,Customer Support
Order delayed after the latest update,Customer Support
Order delayed,Customer Support
Product missing parts since yesterday,Customer Support
Received wrong product urgently,Customer Support
Package arrived damaged,Customer Support
Received wrong product since yesterday,Customer Support
Order delayed on my laptop,Customer Support
Need replacement on my laptop,Customer Support
Product missing parts on my laptop,Customer Support
Pricing information after the latest update,Sales
Request demo before the deadline,Sales
Need product quotation while working remotely,Sales
Pricing information since yesterday,Sales
Interested in enterprise plan,Sales
Pricing information before the deadline,Sales
Interested in enterprise plan today,Sales
Request demo on Windows 11,Sales
Bulk purchase inquiry today,Sales
Need product quotation for my team,Sales
Interested in enterprise plan for my team,Sales
Request demo after the latest update,Sales
Interested in enterprise plan while working remotely,Sales
Need product quotation today,Sales
Pricing information on Windows 11,Sales
Request demo urgently,Sales
Pricing information before the deadline,Sales
Request demo before the deadline,Sales
Bulk purchase inquiry while working remotely,Sales
Need product quotation on Windows 11,Sales
Need product quotation on Windows 11,Sales
Need product quotation on my laptop,Sales
Need product quotation while working remotely,Sales
Bulk purchase inquiry on Windows 11,Sales
Bulk purchase inquiry on Windows 11,Sales
Pricing information after the latest update,Sales
Need product quotation on Windows 11,Sales
Need product quotation while working remotely,Sales
Request demo,Sales
Pricing information while working remotely,Sales
Need product quotation on Windows 11,Sales
Need product quotation for my team,Sales
Pricing information,Sales
Pricing information before the deadline,Sales
Need product quotation on Windows 11,Sales
Interested in enterprise plan while working remotely,Sales
Request demo while working remotely,Sales
Request demo since yesterday,Sales
Bulk purchase inquiry since yesterday,Sales
Bulk purchase inquiry before the deadline,Sales
Request demo while working remotely,Sales
Interested in enterprise plan urgently,Sales
Request demo since yesterday,Sales
Request demo after the latest update,Sales
Request demo urgently,Sales
Bulk purchase inquiry urgently,Sales
Need product quotation urgently,Sales
Pricing information on my laptop,Sales
Bulk purchase inquiry,Sales
Pricing information,Sales
Bulk purchase inquiry while working remotely,Sales
Interested in enterprise plan urgently,Sales
Pricing information since yesterday,Sales
Pricing information on my laptop,Sales
Interested in enterprise plan after the latest update,Sales
Bulk purchase inquiry today,Sales
Interested in enterprise plan before the deadline,Sales
Need product quotation after the latest update,Sales
Pricing information on my laptop,Sales
Need product quotation today,Sales
Interested in enterprise plan after the latest update,Sales
Need product quotation since yesterday,Sales
Bulk purchase inquiry,Sales
Bulk purchase inquiry on Windows 11,Sales
Pricing information,Sales
Bulk purchase inquiry today,Sales
Pricing information,Sales
Request demo while working remotely,Sales
Bulk purchase inquiry on my laptop,Sales
Bulk purchase inquiry urgently,Sales
Need product quotation on my laptop,Sales
Need product quotation while working remotely,Sales
Need product quotation before the deadline,Sales
Request demo today,Sales
Request demo on my laptop,Sales
Pricing information before the deadline,Sales
Bulk purchase inquiry,Sales
Request demo while working remotely,Sales
Interested in enterprise plan after the latest update,Sales
Pricing information on Windows 11,Sales
Interested in enterprise plan,Sales
Need product quotation while working remotely,Sales
Need product quotation while working remotely,Sales
Need product quotation before the deadline,Sales
Pricing information after the latest update,Sales
Interested in enterprise plan,Sales
Request demo while working remotely,Sales
Need product quotation,Sales
Request demo while working remotely,Sales
Interested in enterprise plan on Windows 11,Sales
Request demo,Sales
Need product quotation after the latest update,Sales
Bulk purchase inquiry on Windows 11,Sales
Interested in enterprise plan urgently,Sales
Bulk purchase inquiry since yesterday,Sales
Pricing information before the deadline,Sales
Interested in enterprise plan today,Sales
Interested in enterprise plan after the latest update,Sales
Request demo for my team,Sales
Interested in enterprise plan on my laptop,Sales
Request demo for my team,Sales
Request demo urgently,Sales
Need product quotation after the latest update,Sales
Need product quotation before the deadline,Sales
Bulk purchase inquiry before the deadline,Sales
Need product quotation while working remotely,Sales
Bulk purchase inquiry urgently,Sales
Bulk purchase inquiry on Windows 11,Sales
Request demo urgently,Sales
Request demo,Sales
Request demo on my laptop,Sales
Need product quotation on Windows 11,Sales
Interested in enterprise plan for my team,Sales
Pricing information,Sales
Interested in enterprise plan on my laptop,Sales
Request demo before the deadline,Sales
Request demo after the latest update,Sales
Pricing information for my team,Sales
Interested in enterprise plan,Sales
Pricing information on my laptop,Sales
Interested in enterprise plan on Windows 11,Sales
Bulk purchase inquiry before the deadline,Sales
Pricing information urgently,Sales
Request demo,Sales
Request demo after the latest update,Sales
Need product quotation on my laptop,Sales
Interested in enterprise plan before the deadline,Sales
Need product quotation before the deadline,Sales
Need product quotation after the latest update,Sales
Need product quotation urgently,Sales
Interested in enterprise plan on my laptop,Sales
Bulk purchase inquiry urgently,Sales
Pricing information since yesterday,Sales
Request demo on my laptop,Sales
Interested in enterprise plan today,Sales
Pricing information today,Sales
Pricing information before the deadline,Sales
Interested in enterprise plan for my team,Sales
Pricing information since yesterday,Sales
Interested in enterprise plan for my team,Sales
Need product quotation while working remotely,Sales
Need product quotation while working remotely,Sales
Request demo urgently,Sales
Update office access after the latest update,Administration
Office supplies request urgently,Administration
Office supplies request on my laptop,Administration
Visitor pass request today,Administration
Update office access today,Administration
Need ID card for my team,Administration
Meeting room booking issue before the deadline,Administration
Visitor pass request before the deadline,Administration
Office supplies request since yesterday,Administration
Need ID card for my team,Administration
Need ID card since yesterday,Administration
Update office access for my team,Administration
Office supplies request,Administration
Office supplies request since yesterday,Administration
Update office access on my laptop,Administration
Visitor pass request before the deadline,Administration
Update office access before the deadline,Administration
Visitor pass request for my team,Administration
Meeting room booking issue after the latest update,Administration
Office supplies request today,Administration
Visitor pass request while working remotely,Administration
Meeting room booking issue,Administration
Office supplies request urgently,Administration
Update office access before the deadline,Administration
Need ID card since yesterday,Administration
Visitor pass request before the deadline,Administration
Visitor pass request before the deadline,Administration
Visitor pass request today,Administration
Office supplies request on my laptop,Administration
Update office access on Windows 11,Administration
Need ID card after the latest update,Administration
Update office access while working remotely,Administration
Update office access while working remotely,Administration
Meeting room booking issue since yesterday,Administration
Visitor pass request while working remotely,Administration
Meeting room booking issue today,Administration
Need ID card before the deadline,Administration
Need ID card urgently,Administration
Office supplies request on my laptop,Administration
Meeting room booking issue urgently,Administration
Update office access on my laptop,Administration
Update office access after the latest update,Administration
Meeting room booking issue today,Administration
Meeting room booking issue today,Administration
Need ID card after the latest update,Administration
Visitor pass request on Windows 11,Administration
Visitor pass request on my laptop,Administration
Need ID card today,Administration
Meeting room booking issue after the latest update,Administration
Need ID card today,Administration
Need ID card after the latest update,Administration
Update office access while working remotely,Administration
Office supplies request on Windows 11,Administration
Office supplies request on Windows 11,Administration
Need ID card urgently,Administration
Office supplies request on my laptop,Administration
Need ID card before the deadline,Administration
Need ID card since yesterday,Administration
Office supplies request since yesterday,Administration
Office supplies request,Administration
Meeting room booking issue before the deadline,Administration
Need ID card while working remotely,Administration
Update office access since yesterday,Administration
Need ID card after the latest update,Administration
Need ID card on my laptop,Administration
Visitor pass request on Windows 11,Administration
Meeting room booking issue on my laptop,Administration
Need ID card on my laptop,Administration
Update office access while working remotely,Administration
Visitor pass request on Windows 11,Administration
Need ID card today,Administration
Update office access on Windows 11,Administration
Need ID card before the deadline,Administration
Meeting room booking issue today,Administration
Meeting room booking issue,Administration
Office supplies request today,Administration
Meeting room booking issue since yesterday,Administration
Meeting room booking issue while working remotely,Administration
Need ID card on Windows 11,Administration
Visitor pass request today,Administration
Visitor pass request urgently,Administration
Office supplies request while working remotely,Administration
Need ID card on my laptop,Administration
Update office access,Administration
Meeting room booking issue before the deadline,Administration
Need ID card on Windows 11,Administration
Need ID card after the latest update,Administration
Meeting room booking issue since yesterday,Administration
Update office access urgently,Administration
Office supplies request before the deadline,Administration
Office supplies request before the deadline,Administration
Update office access after the latest update,Administration
Need ID card on my laptop,Administration
Meeting room booking issue,Administration
Need ID card on my laptop,Administration
Meeting room booking issue since yesterday,Administration
Meeting room booking issue since yesterday,Administration
Office supplies request urgently,Administration
Office supplies request since yesterday,Administration
Need ID card while working remotely,Administration
Update office access before the deadline,Administration
Visitor pass request after the latest update,Administration
Need ID card urgently,Administration
Meeting room booking issue while working remotely,Administration
Visitor pass request for my team,Administration
Update office access for my team,Administration
Meeting room booking issue for my team,Administration
Office supplies request today,Administration
Need ID card before the deadline,Administration
Visitor pass request while working remotely,Administration
Office supplies request before the deadline,Administration
Meeting room booking issue,Administration
Update office access since yesterday,Administration
Need ID card on Windows 11,Administration
Office supplies request before the deadline,Administration
Office supplies request on Windows 11,Administration
Visitor pass request since yesterday,Administration
Meeting room booking issue while working remotely,Administration
Update office access on my laptop,Administration
Office supplies request before the deadline,Administration
Need ID card urgently,Administration
Visitor pass request,Administration
Meeting room booking issue urgently,Administration
Office supplies request before the deadline,Administration
Update office access since yesterday,Administration
Visitor pass request urgently,Administration
Need ID card urgently,Administration
Meeting room booking issue while working remotely,Administration
Meeting room booking issue while working remotely,Administration
Visitor pass request after the latest update,Administration
Update office access after the latest update,Administration
Meeting room booking issue before the deadline,Administration
Need ID card urgently,Administration
Need ID card,Administration
Visitor pass request since yesterday,Administration
Visitor pass request urgently,Administration
Visitor pass request,Administration
Meeting room booking issue urgently,Administration
Visitor pass request,Administration
Need ID card,Administration
Update office access today,Administration
Update office access today,Administration
Visitor pass request after the latest update,Administration
